1948-02-01 00:00:00,0.11122563511022432
1948-03-01 00:00:00,0.05129329438755059
1948-04-01 00:00:00,-0.025317807984289953
1948-05-01 00:00:00,-0.10821358464023256
1948-06-01 00:00:00,0.02817087696669618
1948-07-01 00:00:00,0.0
1948-08-01 00:00:00,0.08004270767353638
1948-09-01 00:00:00,-0.02597548640326064
1948-10-01 00:00:00,-0.02666824708216109
1948-11-01 00:00:00,0.02666824708216109
1948-12-01 00:00:00,0.05129329438755059
1949-01-01 00:00:00,0.07232066157962613
1949-02-01 00:00:00,0.08894748601649627
1949-03-01 00:00:00,0.06187540371808731
1949-04-01 00:00:00,0.05826890812397578
1949-05-01 00:00:00,0.1405819506211894
1949-06-01 00:00:00,0.016260520871780537
1949-07-01 00:00:00,0.0775582343458745
1949-08-01 00:00:00,0.01481508578514057
1949-09-01 00:00:00,-0.029852963149681333
1949-10-01 00:00:00,0.17979311044059632
1949-11-01 00:00:00,-0.21056476910734978
1949-12-01 00:00:00,0.030771658666753465
1950-01-01 00:00:00,-0.015267472130788384
1950-02-01 00:00:00,-0.015504186535965081
1950-03-01 00:00:00,-0.015748356968139365
1950-04-01 00:00:00,-0.08269171584511326
1950-05-01 00:00:00,-0.05310982531394837
1950-06-01 00:00:00,-0.01834913866819643
1950-07-01 00:00:00,-0.07696104113612856
1950-08-01 00:00:00,-0.10536051565782611
1950-09-01 00:00:00,-0.022472855852058604
1950-10-01 00:00:00,-0.04652001563489283
1950-11-01 00:00:00,0.0
1950-12-01 00:00:00,0.023530497410193973
1951-01-01 00:00:00,-0.15028220304933781
1951-02-01 00:00:00,-0.08455738802806323
1951-03-01 00:00:00,0.0
1951-04-01 00:00:00,-0.09237332013101507
1951-05-01 00:00:00,-0.03278982282299081
1951-06-01 00:00:00,0.06453852113757108
1951-07-01 00:00:00,-0.03174869831458027
1951-08-01 00:00:00,0.0
1951-09-01 00:00:00,0.06252035698133396
1951-10-01 00:00:00,0.058840500022933506
1951-11-01 00:00:00,0.0
1951-12-01 00:00:00,-0.12136085700426746
1952-01-01 00:00:00,0.03174869831458027
1952-02-01 00:00:00,-0.03174869831458027
1952-03-01 00:00:00,-0.06669137449867235
1952-04-01 00:00:00,0.0
1952-05-01 00:00:00,0.03390155167568154
1952-06-01 00:00:00,0.0
1952-07-01 00:00:00,0.06453852113757108
1952-08-01 00:00:00,0.0606246218164348
1952-09-01 00:00:00,-0.09237332013101507
1952-10-01 00:00:00,-0.03278982282299081
1952-11-01 00:00:00,-0.06899287148695166
1952-12-01 00:00:00,-0.03636764417087468
1953-01-01 00:00:00,0.0714589639821448
1953-02-01 00:00:00,-0.1091992919649919
1953-03-01 00:00:00,0.0
1953-04-01 00:00:00,0.0377403279828471
1953-05-01 00:00:00,-0.07696104113612834
1953-06-01 00:00:00,0.0
1953-07-01 00:00:00,0.03922071315328124
1953-08-01 00:00:00,0.0377403279828471
1953-09-01 00:00:00,0.0714589639821448
1953-10-01 00:00:00,0.06669137449867235
1953-11-01 00:00:00,0.12136085700426746
1953-12-01 00:00:00,0.2513144282809061
1954-01-01 00:00:00,0.08515780834030684
1954-02-01 00:00:00,0.059423420470800625
1954-03-01 00:00:00,0.09180754925312296
1954-04-01 00:00:00,0.03448617607116922
1954-05-01 00:00:00,0.0
1954-06-01 00:00:00,-0.05218575317057028
1954-07-01 00:00:00,0.035091319811270116
1954-08-01 00:00:00,0.03390155167568132
1954-09-01 00:00:00,0.016529301951210496
1954-10-01 00:00:00,-0.06782259633876087
1954-11-01 00:00:00,-0.07275935428242852
1954-12-01 00:00:00,-0.05826890812397578
1955-01-01 00:00:00,-0.020202707317519275
1955-02-01 00:00:00,-0.04167269640056803
1955-03-01 00:00:00,-0.021506205220963803
1955-04-01 00:00:00,0.021506205220963803
1955-05-01 00:00:00,-0.08894748601649627
1955-06-01 00:00:00,-0.023530497410193973
1955-07-01 00:00:00,-0.04879016416943216
1955-08-01 00:00:00,0.04879016416943216
1955-09-01 00:00:00,-0.024097551579060683
1955-10-01 00:00:00,0.04762804898925466
1955-11-01 00:00:00,-0.023530497410193973
1955-12-01 00:00:00,0.0
1956-01-01 00:00:00,-0.04879016416943216
1956-02-01 00:00:00,-0.025317807984289953
1956-03-01 00:00:00,0.07410797215372211
1956-04-01 00:00:00,-0.04879016416943216
1956-05-01 00:00:00,0.07232066157962613
1956-06-01 00:00:00,0.0
1956-07-01 00:00:00,0.022989518224698857
1956-08-01 00:00:00,-0.07061756721395351
1956-09-01 00:00:00,-0.05001042057466143
1956-10-01 00:00:00,0.0
1956-11-01 00:00:00,0.09763846956391609
1956-12-01 00:00:00,-0.023530497410193973
1957-01-01 00:00:00,0.0
1957-02-01 00:00:00,-0.07410797215372211
1957-03-01 00:00:00,-0.05264373348542173
1957-04-01 00:00:00,0.05264373348542173
1957-05-01 00:00:00,0.05001042057466143
1957-06-01 00:00:00,0.04762804898925466
1957-07-01 00:00:00,-0.023530497410193973
1957-08-01 00:00:00,-0.024097551579060683
1957-09-01 00:00:00,0.07061756721395351
1957-10-01 00:00:00,0.022472855852058604
1957-11-01 00:00:00,0.12516314295400588
1957-12-01 00:00:00,0.019418085857101586
1958-01-01 00:00:00,0.109199291964992
1958-02-01 00:00:00,0.09844007281325262
1958-03-01 00:00:00,0.04580953603129423
1958-04-01 00:00:00,0.0993724738132038
1958-05-01 00:00:00,0.0
1958-06-01 00:00:00,-0.013605652055778794
1958-07-01 00:00:00,0.027028672387919173
1958-08-01 00:00:00,-0.013423020332140378
1958-09-01 00:00:00,-0.04138521616285451
1958-10-01 00:00:00,-0.05798725765034929
1958-11-01 00:00:00,-0.0775582343458745
1958-12-01 00:00:00,0.0
1959-01-01 00:00:00,-0.03278982282299103
1959-02-01 00:00:00,-0.016807118316381153
1959-03-01 00:00:00,-0.05218575317057028
1959-04-01 00:00:00,-0.07410797215372189
1959-05-01 00:00:00,-0.019418085857101586
1959-06-01 00:00:00,-0.019802627296179764
1959-07-01 00:00:00,0.019802627296179764
1959-08-01 00:00:00,0.019418085857101586
1959-09-01 00:00:00,0.05608946665104364
1959-10-01 00:00:00,0.035718082602079315
1959-11-01 00:00:00,0.01739174271186905
1959-12-01 00:00:00,-0.09015109699429757
1960-01-01 00:00:00,-0.019048194970694432
1960-02-01 00:00:00,-0.08004270767353638
1960-03-01 00:00:00,0.1177830356563836
1960-04-01 00:00:00,-0.03774032798284721
1960-05-01 00:00:00,-0.019418085857101586
1960-06-01 00:00:00,0.057158413839948796
1960-07-01 00:00:00,0.01834913866819643
1960-08-01 00:00:00,0.01801850550267825
1960-09-01 00:00:00,-0.01801850550267825
1960-10-01 00:00:00,0.10354067894084018
1960-11-01 00:00:00,0.0
1960-12-01 00:00:00,0.07878087785311427
1961-01-01 00:00:00,0.0
1961-02-01 00:00:00,0.04445176257083405
1961-03-01 00:00:00,0.0
1961-04-01 00:00:00,0.014388737452099454
1961-05-01 00:00:00,0.014184634991956546
1961-06-01 00:00:00,-0.028573372444056
1961-07-01 00:00:00,0.014388737452099454
1961-08-01 00:00:00,-0.058840500022933506
1961-09-01 00:00:00,0.015037877364540764
1961-10-01 00:00:00,-0.030305349495329148
1961-11-01 00:00:00,-0.06351340572232589
1961-12-01 00:00:00,-0.016529301951210496
1962-01-01 00:00:00,-0.03390155167568132
1962-02-01 00:00:00,-0.05310982531394837
1962-03-01 00:00:00,0.01801850550267825
1962-04-01 00:00:00,0.0
1962-05-01 00:00:00,-0.01801850550267825
1962-06-01 00:00:00,0.0
1962-07-01 00:00:00,-0.01834913866819643
1962-08-01 00:00:00,0.054067221270275745
1962-09-01 00:00:00,-0.017699577099401065
1962-10-01 00:00:00,-0.03636764417087468
1962-11-01 00:00:00,0.054067221270275745
1962-12-01 00:00:00,-0.035718082602079315
1963-01-01 00:00:00,0.035718082602079315
1963-02-01 00:00:00,0.03448617607116922
1963-03-01 00:00:00,-0.03448617607116922
1963-04-01 00:00:00,0.0
1963-05-01 00:00:00,0.03448617607116922
1963-06-01 00:00:00,-0.05218575317057028
1963-07-01 00:00:00,0.0
1963-08-01 00:00:00,-0.03636764417087468
1963-09-01 00:00:00,0.01834913866819643
1963-10-01 00:00:00,0.0
1963-11-01 00:00:00,0.035718082602079315
1963-12-01 00:00:00,-0.035718082602079315
1964-01-01 00:00:00,0.01801850550267825
1964-02-01 00:00:00,-0.03636764417087468
1964-03-01 00:00:00,0.0
1964-04-01 00:00:00,-0.01869213301215278
1964-05-01 00:00:00,-0.03846628082779602
1964-06-01 00:00:00,0.019418085857101586
1964-07-01 00:00:00,-0.059423420470800625
1964-08-01 00:00:00,0.020202707317519275
1964-09-01 00:00:00,0.019802627296179764
1964-10-01 00:00:00,0.0
1964-11-01 00:00:00,-0.0606246218164348
1964-12-01 00:00:00,0.040821994520255034
1965-01-01 00:00:00,-0.020202707317519275
1965-02-01 00:00:00,0.04000533461369904
1965-03-01 00:00:00,-0.08167803101426707
1965-04-01 00:00:00,0.021053409197832273
1965-05-01 00:00:00,-0.04255961441879608
1965-06-01 00:00:00,0.0
1965-07-01 00:00:00,-0.04445176257083361
1965-08-01 00:00:00,0.0
1965-09-01 00:00:00,-0.022989518224698857
1965-10-01 00:00:00,-0.023530497410193973
1965-11-01 00:00:00,-0.024097551579060683
1965-12-01 00:00:00,-0.024692612590371477
1966-01-01 00:00:00,0.0
1966-02-01 00:00:00,-0.05129329438755059
1966-03-01 00:00:00,0.0
1966-04-01 00:00:00,0.0
1966-05-01 00:00:00,0.02597548640326064
1966-06-01 00:00:00,-0.02597548640326064
1966-07-01 00:00:00,0.0
1966-08-01 00:00:00,0.0
1966-09-01 00:00:00,-0.02666824708216109
1966-10-01 00:00:00,0.0
1966-11-01 00:00:00,-0.027398974188114655
1966-12-01 00:00:00,0.054067221270275745
1967-01-01 00:00:00,0.02597548640326064
1967-02-01 00:00:00,-0.02597548640326064
1967-03-01 00:00:00,0.0
1967-04-01 00:00:00,0.0
1967-05-01 00:00:00,0.0
1967-06-01 00:00:00,0.02597548640326064
1967-07-01 00:00:00,-0.02597548640326064
1967-08-01 00:00:00,0.0
1967-09-01 00:00:00,0.0
1967-10-01 00:00:00,0.05129329438755059
1967-11-01 00:00:00,-0.025317807984289953
1967-12-01 00:00:00,-0.02597548640326064
1968-01-01 00:00:00,-0.02666824708216109
1968-02-01 00:00:00,0.02666824708216109
1968-03-01 00:00:00,-0.02666824708216109
1968-04-01 00:00:00,-0.055569851154810834
1968-05-01 00:00:00,0.0
1968-06-01 00:00:00,0.055569851154810834
1968-07-01 00:00:00,0.0
1968-08-01 00:00:00,-0.055569851154810834
1968-09-01 00:00:00,-0.028987536873252395
1968-10-01 00:00:00,0.0
1968-11-01 00:00:00,0.0
1968-12-01 00:00:00,0.0
1969-01-01 00:00:00,0.0
1969-02-01 00:00:00,0.0
1969-03-01 00:00:00,0.0
1969-04-01 00:00:00,0.0
1969-05-01 00:00:00,0.0
1969-06-01 00:00:00,0.028987536873252395
1969-07-01 00:00:00,0.0
1969-08-01 00:00:00,0.0
1969-09-01 00:00:00,0.055569851154810834
1969-10-01 00:00:00,0.0
1969-11-01 00:00:00,-0.055569851154810834
1969-12-01 00:00:00,0.0
1970-01-01 00:00:00,0.10821358464023256
1970-02-01 00:00:00,0.07410797215372211
1970-03-01 00:00:00,0.04652001563489283
1970-04-01 00:00:00,0.04445176257083361
1970-05-01 00:00:00,0.04255961441879608
1970-06-01 00:00:00,0.02061928720273576
1970-07-01 00:00:00,0.020202707317519275
1970-08-01 00:00:00,0.019802627296179764
1970-09-01 00:00:00,0.057158413839948796
1970-10-01 00:00:00,0.01834913866819643
1970-11-01 00:00:00,0.07020425867324853
1970-12-01 00:00:00,0.03333642026759165
1971-01-01 00:00:00,-0.03333642026759165
1971-02-01 00:00:00,0.0
1971-03-01 00:00:00,0.016807118316381153
1971-04-01 00:00:00,-0.016807118316381153
1971-05-01 00:00:00,0.0
1971-06-01 00:00:00,0.0
1971-07-01 00:00:00,0.016807118316381153
1971-08-01 00:00:00,0.016529301951210496
1971-09-01 00:00:00,-0.016529301951210496
1971-10-01 00:00:00,-0.03390155167568132
1971-11-01 00:00:00,0.03390155167568132
1971-12-01 00:00:00,0.0
1972-01-01 00:00:00,-0.03390155167568132
1972-02-01 00:00:00,-0.01739174271186905
1972-03-01 00:00:00,0.01739174271186905
1972-04-01 00:00:00,-0.01739174271186905
1972-05-01 00:00:00,0.0
1972-06-01 00:00:00,0.0
1972-07-01 00:00:00,-0.017699577099401065
1972-08-01 00:00:00,0.0
1972-09-01 00:00:00,-0.01801850550267825
1972-10-01 00:00:00,0.01801850550267825
1972-11-01 00:00:00,-0.05505977718302746
1972-12-01 00:00:00,-0.019048194970694432
1973-01-01 00:00:00,-0.059423420470800625
1973-02-01 00:00:00,0.020202707317519275
1973-03-01 00:00:00,-0.020202707317519275
1973-04-01 00:00:00,0.020202707317519275
1973-05-01 00:00:00,-0.020202707317519275
1973-06-01 00:00:00,0.0
1973-07-01 00:00:00,-0.02061928720273576
1973-08-01 00:00:00,0.0
1973-09-01 00:00:00,0.0
1973-10-01 00:00:00,-0.04255961441879608
1973-11-01 00:00:00,0.04255961441879608
1973-12-01 00:00:00,0.02061928720273576
1974-01-01 00:00:00,0.04000533461369904
1974-02-01 00:00:00,0.019418085857101586
1974-03-01 00:00:00,-0.019418085857101586
1974-04-01 00:00:00,0.0
1974-05-01 00:00:00,0.0
1974-06-01 00:00:00,0.057158413839948796
1974-07-01 00:00:00,0.01834913866819643
1974-08-01 00:00:00,0.0
1974-09-01 00:00:00,0.07020425867324853
1974-10-01 00:00:00,0.016807118316381153
1974-11-01 00:00:00,0.09531017980432477
1974-12-01 00:00:00,0.08701137698962991
1975-01-01 00:00:00,0.1177830356563836
1975-02-01 00:00:00,0.0
1975-03-01 00:00:00,0.059898141581068653
1975-04-01 00:00:00,0.02298951822469908
1975-05-01 00:00:00,0.022472855852058604
1975-06-01 00:00:00,-0.022472855852058604
1975-07-01 00:00:00,-0.02298951822469908
1975-08-01 00:00:00,-0.023530497410193973
1975-09-01 00:00:00,0.0
1975-10-01 00:00:00,0.0
1975-11-01 00:00:00,-0.011976191046715545
1975-12-01 00:00:00,-0.012121360532344916
1976-01-01 00:00:00,-0.037271394797231405
1976-02-01 00:00:00,-0.02564243061333782
1976-03-01 00:00:00,-0.013072081567353067
1976-04-01 00:00:00,0.013072081567353067
1976-05-01 00:00:00,-0.039740328649513934
1976-06-01 00:00:00,0.026668247082160867
1976-07-01 00:00:00,0.025975486403261083
1976-08-01 00:00:00,0.0
1976-09-01 00:00:00,-0.025975486403261083
1976-10-01 00:00:00,0.013072081567353067
1976-11-01 00:00:00,0.012903404835908017
1976-12-01 00:00:00,0.0
1977-01-01 00:00:00,-0.03922071315328157
1977-02-01 00:00:00,0.013245226750020489
1977-03-01 00:00:00,-0.026668247082160867
1977-04-01 00:00:00,-0.027398974188114655
1977-05-01 00:00:00,-0.0281708769666964
1977-06-01 00:00:00,0.0281708769666964
1977-07-01 00:00:00,-0.042559614418795855
1977-08-01 00:00:00,0.014388737452099454
1977-09-01 00:00:00,-0.028987536873252173
1977-10-01 00:00:00,0.0
1977-11-01 00:00:00,0.0
1977-12-01 00:00:00,-0.0606246218164348
1978-01-01 00:00:00,0.0
1978-02-01 00:00:00,-0.015748356968139365
1978-03-01 00:00:00,0.0
1978-04-01 00:00:00,-0.03226086221822144
1978-05-01 00:00:00,-0.016529301951210496
1978-06-01 00:00:00,-0.016807118316381153
1978-07-01 00:00:00,0.049596941139372186
1978-08-01 00:00:00,-0.049596941139372186
1978-09-01 00:00:00,0.016807118316381153
1978-10-01 00:00:00,-0.03390155167568132
1978-11-01 00:00:00,0.017094433359300165
1978-12-01 00:00:00,0.016807118316381153
1979-01-01 00:00:00,-0.016807118316381153
1979-02-01 00:00:00,0.0
1979-03-01 00:00:00,-0.017094433359300165
1979-04-01 00:00:00,0.0
1979-05-01 00:00:00,-0.035091319811270116
1979-06-01 00:00:00,0.017699577099401065
1979-07-01 00:00:00,0.0
1979-08-01 00:00:00,0.05129329438755037
1979-09-01 00:00:00,-0.016807118316381153
1979-10-01 00:00:00,0.016807118316381153
1979-11-01 00:00:00,-0.016807118316381153
1979-12-01 00:00:00,0.016807118316381153
1980-01-01 00:00:00,0.04879016416943194
1980-02-01 00:00:00,0.0
1980-03-01 00:00:00,0.0
1980-04-01 00:00:00,0.09097177820572688
1980-05-01 00:00:00,0.08338160893905089
1980-06-01 00:00:00,0.013245226750020489
1980-07-01 00:00:00,0.025975486403261083
1980-08-01 00:00:00,-0.012903404835908017
1980-09-01 00:00:00,-0.026317308317373556
1980-10-01 00:00:00,0.0
1980-11-01 00:00:00,0.0
1980-12-01 00:00:00,-0.040821994520255034
1981-01-01 00:00:00,0.040821994520255034
1981-02-01 00:00:00,-0.013423020332140378
1981-03-01 00:00:00,0.0
1981-04-01 00:00:00,-0.027398974188114655
1981-05-01 00:00:00,0.040821994520255034
1981-06-01 00:00:00,0.0
1981-07-01 00:00:00,-0.040821994520255034
1981-08-01 00:00:00,0.027398974188114655
1981-09-01 00:00:00,0.026668247082160867
1981-10-01 00:00:00,0.038714512180690885
1981-11-01 00:00:00,0.04939275532957632
1981-12-01 00:00:00,0.023810648693718406
1982-01-01 00:00:00,0.011696039763191113
1982-02-01 00:00:00,0.034289073478632304
1982-03-01 00:00:00,0.01117330059812538
1982-04-01 00:00:00,0.03278982282299081
1982-05-01 00:00:00,0.010695289116747997
1982-06-01 00:00:00,0.021053409197832273
1982-07-01 00:00:00,0.02061928720273576
1982-08-01 00:00:00,0.0
1982-09-01 00:00:00,0.030153038170687374
1982-10-01 00:00:00,0.02927038230011325
1982-11-01 00:00:00,0.03774032798284699
1982-12-01 00:00:00,0.0
1983-01-01 00:00:00,-0.03774032798284699
1983-02-01 00:00:00,0.0
1983-03-01 00:00:00,-0.00966191091173707
1983-04-01 00:00:00,-0.009756174945364737
1983-05-01 00:00:00,-0.009852296443011443
1983-06-01 00:00:00,0.0
1983-07-01 00:00:00,-0.0718257345712554
1983-08-01 00:00:00,0.010582109330536937
1983-09-01 00:00:00,-0.03208831455150074
1983-10-01 00:00:00,-0.04445176257083361
1983-11-01 00:00:00,-0.03468555798789019
1983-12-01 00:00:00,-0.023810648693718406
1984-01-01 00:00:00,-0.036813973122716614
1984-02-01 00:00:00,-0.02531780798428951
1984-03-01 00:00:00,0.0
1984-04-01 00:00:00,-0.012903404835908017
1984-05-01 00:00:00,-0.039740328649513934
1984-06-01 00:00:00,-0.027398974188114655
1984-07-01 00:00:00,0.040821994520255034
1984-08-01 00:00:00,0.0
1984-09-01 00:00:00,-0.027028672387919173
1984-10-01 00:00:00,0.013605652055778794
1984-11-01 00:00:00,-0.027398974188114655
1984-12-01 00:00:00,0.013793322132335861
1985-01-01 00:00:00,0.0
1985-02-01 00:00:00,-0.013793322132335861
1985-03-01 00:00:00,0.0
1985-04-01 00:00:00,0.013793322132335861
1985-05-01 00:00:00,-0.013793322132335861
1985-06-01 00:00:00,0.027398974188114655
1985-07-01 00:00:00,0.0
1985-08-01 00:00:00,-0.04138521616285451
1985-09-01 00:00:00,0.0
1985-10-01 00:00:00,0.0
1985-11-01 00:00:00,-0.014184634991956546
1985-12-01 00:00:00,0.0
1986-01-01 00:00:00,-0.04380262265839274
1986-02-01 00:00:00,0.07197349962508914
1986-03-01 00:00:00,0.0
1986-04-01 00:00:00,-0.013986241974739855
1986-05-01 00:00:00,0.013986241974739855
1986-06-01 00:00:00,0.0
1986-07-01 00:00:00,-0.0281708769666964
1986-08-01 00:00:00,-0.014388737452099454
1986-09-01 00:00:00,0.014388737452099454
1986-10-01 00:00:00,0.0
1986-11-01 00:00:00,-0.014388737452099454
1986-12-01 00:00:00,-0.04445176257083405
1987-01-01 00:00:00,0.0
1987-02-01 00:00:00,0.0
1987-03-01 00:00:00,0.0
1987-04-01 00:00:00,-0.04652001563489283
1987-05-01 00:00:00,0.0
1987-06-01 00:00:00,-0.016000341346440905
1987-07-01 00:00:00,-0.016260520871780537
1987-08-01 00:00:00,-0.016529301951210496
1987-09-01 00:00:00,-0.016807118316381153
1987-10-01 00:00:00,0.016807118316381153
1987-11-01 00:00:00,-0.03390155167568132
1987-12-01 00:00:00,-0.01739174271186905
1988-01-01 00:00:00,0.0
1988-02-01 00:00:00,0.0
1988-03-01 00:00:00,0.0
1988-04-01 00:00:00,-0.054067221270275745
1988-05-01 00:00:00,0.03636764417087468
1988-06-01 00:00:00,-0.03636764417087468
1988-07-01 00:00:00,0.0
1988-08-01 00:00:00,0.03636764417087468
1988-09-01 00:00:00,-0.03636764417087468
1988-10-01 00:00:00,0.0
1988-11-01 00:00:00,-0.01869213301215278
1988-12-01 00:00:00,0.0
1989-01-01 00:00:00,0.01869213301215278
1989-02-01 00:00:00,-0.03774032798284721
1989-03-01 00:00:00,-0.03922071315328135
1989-04-01 00:00:00,0.03922071315328135
1989-05-01 00:00:00,0.0
1989-06-01 00:00:00,0.019048194970694432
1989-07-01 00:00:00,-0.019048194970694432
1989-08-01 00:00:00,0.0
1989-09-01 00:00:00,0.019048194970694432
1989-10-01 00:00:00,0.0
1989-11-01 00:00:00,0.01869213301215278
1989-12-01 00:00:00,0.0
1990-01-01 00:00:00,0.0
1990-02-01 00:00:00,-0.01869213301215278
1990-03-01 00:00:00,-0.019048194970694432
1990-04-01 00:00:00,0.03774032798284721
1990-05-01 00:00:00,0.0
1990-06-01 00:00:00,-0.03774032798284721
1990-07-01 00:00:00,0.05608946665104364
1990-08-01 00:00:00,0.035718082602079315
1990-09-01 00:00:00,0.03448617607116922
1990-10-01 00:00:00,0.0
1990-11-01 00:00:00,0.049596941139372186
1990-12-01 00:00:00,0.016000341346440905
1991-01-01 00:00:00,0.015748356968139365
1991-02-01 00:00:00,0.030771658666753465
1991-03-01 00:00:00,0.029852963149681333
1991-04-01 00:00:00,-0.01481508578514057
1991-05-01 00:00:00,0.02941388520629329
1991-06-01 00:00:00,0.0
1991-07-01 00:00:00,-0.01459879942115272
1991-08-01 00:00:00,0.01459879942115272
1991-09-01 00:00:00,0.0
1991-10-01 00:00:00,0.014388737452099454
1991-11-01 00:00:00,0.0
1991-12-01 00:00:00,0.04196419909903226
1992-01-01 00:00:00,0.0
1992-02-01 00:00:00,0.013605652055778794
1992-03-01 00:00:00,0.0
1992-04-01 00:00:00,0.0
1992-05-01 00:00:00,0.026668247082160867
1992-06-01 00:00:00,0.025975486403261083
1992-07-01 00:00:00,-0.012903404835908017
1992-08-01 00:00:00,-0.013072081567353067
1992-09-01 00:00:00,0.0
1992-10-01 00:00:00,-0.04027389913793966
1992-11-01 00:00:00,0.013605652055778794
1992-12-01 00:00:00,0.0
1993-01-01 00:00:00,-0.013605652055778794
1993-02-01 00:00:00,-0.027779564107075716
1993-03-01 00:00:00,-0.014184634991956546
1993-04-01 00:00:00,0.014184634991956546
1993-05-01 00:00:00,0.0
1993-06-01 00:00:00,-0.014184634991956546
1993-07-01 00:00:00,-0.014388737452099454
1993-08-01 00:00:00,-0.01459879942115272
1993-09-01 00:00:00,-0.01481508578514057
1993-10-01 00:00:00,0.01481508578514057
1993-11-01 00:00:00,-0.029852963149681333
1993-12-01 00:00:00,-0.015267472130788384
1994-01-01 00:00:00,0.015267472130788384
1994-02-01 00:00:00,0.0
1994-03-01 00:00:00,-0.015267472130788384
1994-04-01 00:00:00,-0.015504186535965081
1994-05-01 00:00:00,-0.04800921918636081
1994-06-01 00:00:00,0.0
1994-07-01 00:00:00,0.0
1994-08-01 00:00:00,-0.016529301951210496
1994-09-01 00:00:00,-0.016807118316381153
1994-10-01 00:00:00,-0.017094433359300165
1994-11-01 00:00:00,-0.035091319811270116
1994-12-01 00:00:00,-0.01801850550267825
1995-01-01 00:00:00,0.01801850550267825
1995-02-01 00:00:00,-0.03636764417087468
1995-03-01 00:00:00,0.0
1995-04-01 00:00:00,0.0714589639821448
1995-05-01 00:00:00,-0.035091319811270116
1995-06-01 00:00:00,0.0
1995-07-01 00:00:00,0.017699577099401065
1995-08-01 00:00:00,0.0
1995-09-01 00:00:00,-0.017699577099401065
1995-10-01 00:00:00,-0.01801850550267825
1995-11-01 00:00:00,0.01801850550267825
1995-12-01 00:00:00,0.0
1996-01-01 00:00:00,0.0
1996-02-01 00:00:00,-0.01801850550267825
1996-03-01 00:00:00,0.0
1996-04-01 00:00:00,0.01801850550267825
1996-05-01 00:00:00,0.0
1996-06-01 00:00:00,-0.05505977718302746
1996-07-01 00:00:00,0.03704127168034921
1996-08-01 00:00:00,-0.07550755250814523
1996-09-01 00:00:00,0.019418085857101586
1996-10-01 00:00:00,0.0
1996-11-01 00:00:00,0.03774032798284721
1996-12-01 00:00:00,0.0
1997-01-01 00:00:00,-0.01869213301215278
1997-02-01 00:00:00,-0.019048194970694432
1997-03-01 00:00:00,0.0
1997-04-01 00:00:00,-0.019418085857101586
1997-05-01 00:00:00,-0.04000533461369904
1997-06-01 00:00:00,0.020202707317519275
1997-07-01 00:00:00,-0.020202707317519275
1997-08-01 00:00:00,-0.02061928720273576
1997-09-01 00:00:00,0.02061928720273576
1997-10-01 00:00:00,-0.04167269640056803
1997-11-01 00:00:00,-0.021506205220963803
1997-12-01 00:00:00,0.021506205220963803
1998-01-01 00:00:00,-0.021506205220963803
1998-02-01 00:00:00,0.0
1998-03-01 00:00:00,0.021506205220963803
1998-04-01 00:00:00,-0.08894748601649627
1998-05-01 00:00:00,0.022989518224698857
1998-06-01 00:00:00,0.022472855852058604
1998-07-01 00:00:00,0.0
1998-08-01 00:00:00,0.0
1998-09-01 00:00:00,0.021978906718775004
1998-10-01 00:00:00,-0.021978906718775004
1998-11-01 00:00:00,-0.022472855852058604
1998-12-01 00:00:00,0.0
1999-01-01 00:00:00,-0.022989518224698857
1999-02-01 00:00:00,0.022989518224698857
1999-03-01 00:00:00,-0.04652001563489283
1999-04-01 00:00:00,0.023530497410193973
1999-05-01 00:00:00,-0.023530497410193973
1999-06-01 00:00:00,0.023530497410193973
1999-07-01 00:00:00,0.0
1999-08-01 00:00:00,-0.023530497410193973
1999-09-01 00:00:00,0.0
1999-10-01 00:00:00,-0.024097551579060683
1999-11-01 00:00:00,0.0
1999-12-01 00:00:00,-0.024692612590371477
2000-01-01 00:00:00,0.0
2000-02-01 00:00:00,0.024692612590371477
2000-03-01 00:00:00,-0.024692612590371477
2000-04-01 00:00:00,-0.05129329438755059
2000-05-01 00:00:00,0.05129329438755059
2000-06-01 00:00:00,0.0
2000-07-01 00:00:00,0.0
2000-08-01 00:00:00,0.024692612590371477
2000-09-01 00:00:00,-0.05001042057466143
2000-10-01 00:00:00,0.0
2000-11-01 00:00:00,0.0
2000-12-01 00:00:00,0.0
2001-01-01 00:00:00,0.07410797215372211
2001-02-01 00:00:00,0.0
2001-03-01 00:00:00,0.023530497410193973
2001-04-01 00:00:00,0.022989518224698857
2001-05-01 00:00:00,-0.022989518224698857
2001-06-01 00:00:00,0.04546237407675746
2001-07-01 00:00:00,0.021978906718775004
2001-08-01 00:00:00,0.06317890162153184
2001-09-01 00:00:00,0.020202707317519275
2001-10-01 00:00:00,0.05826890812397578
2001-11-01 00:00:00,0.03704127168034921
2001-12-01 00:00:00,0.035718082602079315
2002-01-01 00:00:00,0.0
2002-02-01 00:00:00,0.0
2002-03-01 00:00:00,0.0
2002-04-01 00:00:00,0.03448617607116922
2002-05-01 00:00:00,-0.017094433359300165
2002-06-01 00:00:00,0.0
2002-07-01 00:00:00,0.0
2002-08-01 00:00:00,-0.01739174271186905
2002-09-01 00:00:00,0.0
2002-10-01 00:00:00,0.0
2002-11-01 00:00:00,0.03448617607116922
2002-12-01 00:00:00,0.016807118316381153
2003-01-01 00:00:00,-0.03390155167568132
2003-02-01 00:00:00,0.017094433359300165
2003-03-01 00:00:00,0.0
2003-04-01 00:00:00,0.016807118316381153
2003-05-01 00:00:00,0.016529301951210496
2003-06-01 00:00:00,0.03226086221822144
2003-07-01 00:00:00,-0.016000341346440905
2003-08-01 00:00:00,-0.016260520871780537
2003-09-01 00:00:00,0.0
2003-10-01 00:00:00,-0.016529301951210496
2003-11-01 00:00:00,-0.03390155167568132
2003-12-01 00:00:00,-0.01739174271186905
2004-01-01 00:00:00,0.0
2004-02-01 00:00:00,-0.017699577099401065
2004-03-01 00:00:00,0.035091319811270116
2004-04-01 00:00:00,-0.035091319811270116
2004-05-01 00:00:00,0.0
2004-06-01 00:00:00,0.0
2004-07-01 00:00:00,-0.01801850550267825
2004-08-01 00:00:00,-0.01834913866819643
2004-09-01 00:00:00,0.0
2004-10-01 00:00:00,0.01834913866819643
2004-11-01 00:00:00,-0.01834913866819643
2004-12-01 00:00:00,0.0
2005-01-01 00:00:00,-0.01869213301215278
2005-02-01 00:00:00,0.01869213301215278
2005-03-01 00:00:00,-0.03774032798284721
2005-04-01 00:00:00,0.0
2005-05-01 00:00:00,-0.019418085857101586
2005-06-01 00:00:00,-0.019802627296179764
2005-07-01 00:00:00,0.0
2005-08-01 00:00:00,-0.020202707317519275
2005-09-01 00:00:00,0.020202707317519275
2005-10-01 00:00:00,0.0
2005-11-01 00:00:00,0.0
2005-12-01 00:00:00,-0.020202707317519275
2006-01-01 00:00:00,-0.04167269640056803
2006-02-01 00:00:00,0.021053409197832273
2006-03-01 00:00:00,-0.021053409197832273
2006-04-01 00:00:00,0.0
2006-05-01 00:00:00,-0.021506205220963803
2006-06-01 00:00:00,0.0
2006-07-01 00:00:00,0.021506205220963803
2006-08-01 00:00:00,0.0
2006-09-01 00:00:00,-0.04348511193973881
2006-10-01 00:00:00,-0.022472855852058604
2006-11-01 00:00:00,0.022472855852058604
2006-12-01 00:00:00,-0.022472855852058604
2007-01-01 00:00:00,0.04445176257083361
2007-02-01 00:00:00,-0.021978906718775004
2007-03-01 00:00:00,-0.022472855852058604
2007-04-01 00:00:00,0.022472855852058604
2007-05-01 00:00:00,-0.022472855852058604
2007-06-01 00:00:00,0.04445176257083361
2007-07-01 00:00:00,0.021506205220963803
2007-08-01 00:00:00,-0.021506205220963803
2007-09-01 00:00:00,0.021506205220963803
2007-10-01 00:00:00,0.0
2007-11-01 00:00:00,0.0
2007-12-01 00:00:00,0.06187540371808731
2008-01-01 00:00:00,0.0
2008-02-01 00:00:00,-0.020202707317519275
2008-03-01 00:00:00,0.04000533461369904
2008-04-01 00:00:00,-0.019802627296179764
2008-05-01 00:00:00,0.07696104113612856
2008-06-01 00:00:00,0.03636764417087468
2008-07-01 00:00:00,0.035091319811270116
2008-08-01 00:00:00,0.050430853626891814
2008-09-01 00:00:00,0.0
2008-10-01 00:00:00,0.06351340572232589
2008-11-01 00:00:00,0.04512043528046972
2008-12-01 00:00:00,0.07095173597228444
2009-01-01 00:00:00,0.06624938554120074
2009-02-01 00:00:00,0.06213178110700612
2009-03-01 00:00:00,0.04706751085798544
2009-04-01 00:00:00,0.03390155167568176
2009-05-01 00:00:00,0.04348511193973881
2009-06-01 00:00:00,0.010582109330536937
2009-07-01 00:00:00,0.0
2009-08-01 00:00:00,0.010471299867295336
2009-09-01 00:00:00,0.02061928720273576
2009-10-01 00:00:00,0.020202707317519497
2009-11-01 00:00:00,-0.010050335853501569
2009-12-01 00:00:00,0.0
2010-01-01 00:00:00,-0.010152371464017929
2010-02-01 00:00:00,0.0
2010-03-01 00:00:00,0.010152371464017929
2010-04-01 00:00:00,0.0
2010-05-01 00:00:00,-0.030771658666753687
2010-06-01 00:00:00,-0.021053409197832273
2010-07-01 00:00:00,0.0
2010-08-01 00:00:00,0.010582109330536937
2010-09-01 00:00:00,0.0
2010-10-01 00:00:00,-0.010582109330536937
2010-11-01 00:00:00,0.04167269640056803
2010-12-01 00:00:00,-0.05236798551731603
2011-01-01 00:00:00,-0.021739986636406083
2011-02-01 00:00:00,-0.011049836186584727
2011-03-01 00:00:00,0.0
2011-04-01 00:00:00,0.011049836186584727
2011-05-01 00:00:00,-0.011049836186584727
2011-06-01 00:00:00,0.011049836186584727
2011-07-01 00:00:00,-0.011049836186584727
2011-08-01 00:00:00,0.0
2011-09-01 00:00:00,0.0
2011-10-01 00:00:00,-0.022472855852058604
2011-11-01 00:00:00,-0.02298951822469908
2011-12-01 00:00:00,-0.011696039763191113
2012-01-01 00:00:00,-0.023810648693718406
2012-02-01 00:00:00,0.0
2012-03-01 00:00:00,-0.012121360532344916
2012-04-01 00:00:00,0.0
2012-05-01 00:00:00,0.0
2012-06-01 00:00:00,0.0
2012-07-01 00:00:00,0.0
2012-08-01 00:00:00,-0.012270092591814219
2012-09-01 00:00:00,-0.03774032798284699
2012-10-01 00:00:00,0.0
2012-11-01 00:00:00,-0.012903404835908017
2012-12-01 00:00:00,0.02564243061333782
2013-01-01 00:00:00,0.012578782206859707
2013-02-01 00:00:00,-0.038221212820197525
2013-03-01 00:00:00,-0.026317308317373556
2013-04-01 00:00:00,0.013245226750020489
2013-05-01 00:00:00,-0.013245226750020489
2013-06-01 00:00:00,0.0
2013-07-01 00:00:00,-0.027028672387919173
2013-08-01 00:00:00,-0.013793322132335861
2013-09-01 00:00:00,0.0
2013-10-01 00:00:00,0.0
2013-11-01 00:00:00,-0.042559614418795855
2013-12-01 00:00:00,-0.02941388520629329
2014-01-01 00:00:00,-0.015037877364540764
2014-02-01 00:00:00,0.015037877364540764
2014-03-01 00:00:00,0.0
2014-04-01 00:00:00,-0.0775582343458745
2014-05-01 00:00:00,0.016000341346440905
2014-06-01 00:00:00,-0.03226086221822144
2014-07-01 00:00:00,0.016260520871780537
2014-08-01 00:00:00,-0.016260520871780537
2014-09-01 00:00:00,-0.03333642026759165
2014-10-01 00:00:00,-0.03448617607116922
2014-11-01 00:00:00,0.01739174271186905
2014-12-01 00:00:00,-0.035091319811270116
2015-01-01 00:00:00,0.017699577099401065
2015-02-01 00:00:00,-0.035718082602079315
2015-03-01 00:00:00,-0.01834913866819643
2015-04-01 00:00:00,0.0
2015-05-01 00:00:00,0.03636764417087468
2015-06-01 00:00:00,-0.05505977718302746
2015-07-01 00:00:00,-0.019048194970694432
2015-08-01 00:00:00,-0.019418085857101586
2015-09-01 00:00:00,-0.019802627296179764
2015-10-01 00:00:00,0.0
2015-11-01 00:00:00,0.019802627296179764
2015-12-01 00:00:00,-0.019802627296179764
2016-01-01 00:00:00,-0.020202707317519275
2016-02-01 00:00:00,0.0
2016-03-01 00:00:00,0.020202707317519275
2016-04-01 00:00:00,0.0
2016-05-01 00:00:00,-0.040821994520255034
2016-06-01 00:00:00,0.02061928720273576
2016-07-01 00:00:00,-0.02061928720273576
2016-08-01 00:00:00,0.02061928720273576
2016-09-01 00:00:00,0.020202707317519275
2016-10-01 00:00:00,-0.020202707317519275
2016-11-01 00:00:00,-0.04167269640056803
2016-12-01 00:00:00,0.0
2017-01-01 00:00:00,0.0
2017-02-01 00:00:00,-0.021506205220963803
2017-03-01 00:00:00,-0.04445176257083361
2017-04-01 00:00:00,0.0
2017-05-01 00:00:00,0.0
2017-06-01 00:00:00,-0.022989518224698857
2017-07-01 00:00:00,0.0
2017-08-01 00:00:00,0.022989518224698857
2017-09-01 00:00:00,-0.04652001563489283
2017-10-01 00:00:00,-0.024097551579060683
2017-11-01 00:00:00,0.024097551579060683
2017-12-01 00:00:00,-0.024097551579060683
2018-01-01 00:00:00,0.0
2018-02-01 00:00:00,0.0
2018-03-01 00:00:00,-0.024692612590371477
2018-04-01 00:00:00,0.0
2018-05-01 00:00:00,-0.05129329438755059
2018-06-01 00:00:00,0.05129329438755059
2018-07-01 00:00:00,-0.05129329438755059
2018-08-01 00:00:00,0.0
2018-09-01 00:00:00,-0.02666824708216109
2018-10-01 00:00:00,0.02666824708216109
2018-11-01 00:00:00,-0.02666824708216109
2018-12-01 00:00:00,0.05264373348542173
2019-01-01 00:00:00,0.025317807984289953
2019-02-01 00:00:00,-0.05129329438755059
2019-03-01 00:00:00,0.0
2019-04-01 00:00:00,-0.054067221270275745
2019-05-01 00:00:00,0.0
2019-06-01 00:00:00,0.027398974188114655
2019-07-01 00:00:00,0.0
2019-08-01 00:00:00,0.0
2019-09-01 00:00:00,-0.055569851154810834
2019-10-01 00:00:00,0.02817087696669618
2019-11-01 00:00:00,-0.02817087696669618
2019-12-01 00:00:00,0.0
2020-01-01 00:00:00,0.02817087696669618
2020-02-01 00:00:00,-0.02817087696669618
2020-03-01 00:00:00,0.2288415724288475
ar_forecast_boxcox_diff,"1948-02-01    0.000466
1948-03-01    0.015034
1948-04-01    0.030307
1948-05-01    0.025443
1948-06-01    0.005284
                ...   
2019-11-01    0.000466
2019-12-01    0.000466
2020-01-01    0.000466
2020-02-01    0.000466
2020-03-01    0.000466
Freq: MS, Length: 866, dtype: float64"
ar_forecast_boxcox,"1948-02-01    1.361443
1948-03-01    1.376477
1948-04-01    1.406784
1948-05-01    1.432227
1948-06-01    1.437511
                ...   
2019-11-01    1.756384
2019-12-01    1.756851
2020-01-01    1.757317
2020-02-01    1.757783
2020-03-01    1.758250
Freq: MS, Length: 866, dtype: float64"
ar_forecast,"1948-02-01    3.901819
1948-03-01    3.960922
1948-04-01    4.082803
1948-05-01    4.188015
1948-06-01    4.210204
                ...   
2019-11-01    5.791459
2019-12-01    5.794161
2020-01-01    5.796863
2020-02-01    5.799567
2020-03-01    5.802272
Freq: MS, Length: 866, dtype: float64"
